INSERT INTO amis_escalade.utilisateur (id, nom, prenom, pseudo, mail, password, isMembreOfficiel) VALUES (1, 'Firet', 'Florian', 'admin', 'admin@admin.fr', '$2a$10$S5EqZldpYIU5HbemdXe/zO64AtyvXz8XdYvt.Qindvcem0CQlk6Hi', 1);
INSERT INTO amis_escalade.utilisateur (id, nom, prenom, pseudo, mail, password, isMembreOfficiel) VALUES (2, 'Coret', 'Corentin', 'users', 'users@users.fr', '$2a$10$nZAtvpXQmkfjqn5HpoH3tOdNLKLVOuPOSyqFlqMMqx3/rx4BS5Jue', 0);
INSERT INTO amis_escalade.utilisateur (id, nom, prenom, pseudo, mail, password, isMembreOfficiel) VALUES (3, 'Boulet', 'Bernard', 'beber', 'bernard@users.fr', '$2a$10$cmwUdqqQgOzE7KrQbwtKnucyUp5Z6VPCfL1SzmNpbyv8YThXNBN9e', 0);

INSERT INTO amis_escalade.site (id, nom, departement, pays, cotation_min, cotation_max, description, type, id_utilisateur, tague) VALUES (1, 'Ablon', 'Haute-Savoie', 'France', '4b', '8b', 'Situé en Haut-Savoie, ce site contient des voies avec une cotation allant de 4b à 8b. Orientation Sud-Est, la grimpe y est agréable !', 'Falaise', 1, 0);
INSERT INTO amis_escalade.site (id, nom, departement, pays, cotation_min, cotation_max, description, type, id_utilisateur, tague) VALUES (2, 'Aile-Froide', 'Hautes-Alpes', 'France', '3a', '8a', 'Situé dans les Hautes-Alpes, ce site est parfait pour des sorties sprotive en famille !', 'Falaise', 1, 0);
INSERT INTO amis_escalade.site (id, nom, departement, pays, cotation_min, cotation_max, description, type, id_utilisateur, tague) VALUES (3, 'Balme de Yenne ', 'Savoie', 'France', '6b', '9a', 'Proche d''une rivère, le cadre y est magnifique.Les spots sont magnifique !', 'Falaise', 1, 0);
INSERT INTO amis_escalade.site (id, nom, departement, pays, cotation_min, cotation_max, description, type, id_utilisateur, tague) VALUES (4, 'Salle de grimpe (Paris)', 'Ile de France', 'France', '4a', '6a', 'Mise en place dans une nouvelle salle, ce bloc est parfait pour les débutants.', 'Bloc', 2, 0);
INSERT INTO amis_escalade.site (id, nom, departement, pays, cotation_min, cotation_max, description, type, id_utilisateur, tague) VALUES (5, 'Buoux', 'Vaucluse', 'France', '4b', '8c', 'Enormément de voies pour un max de fun !!', 'Falaise', 1, 0);
INSERT INTO amis_escalade.site (id, nom, departement, pays, cotation_min, cotation_max, description, type, id_utilisateur, tague) VALUES (6, 'Salle Louis de Funès (Bordeaux)', 'Gironde', 'France', '3a', '6b', 'Superbe Salle', 'Bloc', 2, 0);

INSERT INTO amis_escalade.secteur (id, nom, description, id_site, id_utilisateur) VALUES (1, 'Ablon Sud', 'Jolie secteur dans le sud d''Ablon', 1, 1);
INSERT INTO amis_escalade.secteur (id, nom, description, id_site, id_utilisateur) VALUES (2, 'Ablon Nord', 'Petit secteur au Nord d''Ablon', 1, 1);
INSERT INTO amis_escalade.secteur (id, nom, description, id_site, id_utilisateur) VALUES (3, 'Aile-droite', 'Enorme possibilité de grimpe !', 2, 1);
INSERT INTO amis_escalade.secteur (id, nom, description, id_site, id_utilisateur) VALUES (4, 'Aile-gauche', 'Secteur sympa.', 2, 1);
INSERT INTO amis_escalade.secteur (id, nom, description, id_site, id_utilisateur) VALUES (5, 'Balme Ouest', 'Superbe endroit, à faire en famille', 3, 1);
INSERT INTO amis_escalade.secteur (id, nom, description, id_site, id_utilisateur) VALUES (6, 'Balme Est', 'Petit secteur mais avec beaucoup de spot difficile', 3, 1);
INSERT INTO amis_escalade.secteur (id, nom, description, id_site, id_utilisateur) VALUES (7, 'Salle A', 'Pour grimpeur expérimentés', 4, 2);
INSERT INTO amis_escalade.secteur (id, nom, description, id_site, id_utilisateur) VALUES (8, 'Salle B', 'Pour grimpeur amateurs', 4, 2);
INSERT INTO amis_escalade.secteur (id, nom, description, id_site, id_utilisateur) VALUES (9, 'Buoux', 'Parfait pour passer une belle journée de grimpe', 5, 1);
INSERT INTO amis_escalade.secteur (id, nom, description, id_site, id_utilisateur) VALUES (10, 'Salle de grimpe', 'Pour tout niveaux.', 6, 2);

INSERT INTO amis_escalade.voie (id, nom, taille, id_secteur, id_utilisateur) VALUES (1, 'Ablon Sud 1 ', 400, 1, 1);
INSERT INTO amis_escalade.voie (id, nom, taille, id_secteur, id_utilisateur) VALUES (2, 'Ablon Sud 2', 200, 1, 1);
INSERT INTO amis_escalade.voie (id, nom, taille, id_secteur, id_utilisateur) VALUES (3, 'Ablon Nord 1', 350, 2, 1);
INSERT INTO amis_escalade.voie (id, nom, taille, id_secteur, id_utilisateur) VALUES (4, 'Ablon Nord 2', 400, 2, 1);
INSERT INTO amis_escalade.voie (id, nom, taille, id_secteur, id_utilisateur) VALUES (5, 'Voie des gagnants', 500, 3, 1);
INSERT INTO amis_escalade.voie (id, nom, taille, id_secteur, id_utilisateur) VALUES (6, 'Voie des petits ', 100, 3, 1);
INSERT INTO amis_escalade.voie (id, nom, taille, id_secteur, id_utilisateur) VALUES (7, 'Voie des moyens', 200, 3, 1);
INSERT INTO amis_escalade.voie (id, nom, taille, id_secteur, id_utilisateur) VALUES (8, 'Voie des monstres', 600, 4, 1);
INSERT INTO amis_escalade.voie (id, nom, taille, id_secteur, id_utilisateur) VALUES (9, 'Balme d''or', 450, 5, 1);
INSERT INTO amis_escalade.voie (id, nom, taille, id_secteur, id_utilisateur) VALUES (10, 'Balme d''argent', 350, 5, 1);
INSERT INTO amis_escalade.voie (id, nom, taille, id_secteur, id_utilisateur) VALUES (11, 'Balme de bronze ', 200, 6, 1);
INSERT INTO amis_escalade.voie (id, nom, taille, id_secteur, id_utilisateur) VALUES (12, 'Balme en toc', 100, 6, 1);
INSERT INTO amis_escalade.voie (id, nom, taille, id_secteur, id_utilisateur) VALUES (13, 'Voie de Napoléon', 20, 7, 2);
INSERT INTO amis_escalade.voie (id, nom, taille, id_secteur, id_utilisateur) VALUES (14, 'Voie de Chirac', 40, 8, 2);
INSERT INTO amis_escalade.voie (id, nom, taille, id_secteur, id_utilisateur) VALUES (15, 'Petite voie de la raison', 60, 9, 1);
INSERT INTO amis_escalade.voie (id, nom, taille, id_secteur, id_utilisateur) VALUES (16, 'Voie Afflelou', 50, 10, 2);

INSERT INTO amis_escalade.longueur (id, id_voie, nbre_points, taille, cotation, id_utilisateur) VALUES (1, 1, 5, 50, '4b', 1);
INSERT INTO amis_escalade.longueur (id, id_voie, nbre_points, taille, cotation, id_utilisateur) VALUES (2, 1, 10, 100, '8b', 1);
INSERT INTO amis_escalade.longueur (id, id_voie, nbre_points, taille, cotation, id_utilisateur) VALUES (3, 2, 7, 70, '6a', 1);
INSERT INTO amis_escalade.longueur (id, id_voie, nbre_points, taille, cotation, id_utilisateur) VALUES (4, 2, 6, 60, '4c', 1);
INSERT INTO amis_escalade.longueur (id, id_voie, nbre_points, taille, cotation, id_utilisateur) VALUES (5, 2, 5, 50, '5c', 1);
INSERT INTO amis_escalade.longueur (id, id_voie, nbre_points, taille, cotation, id_utilisateur) VALUES (6, 3, 4, 40, '6a', 1);
INSERT INTO amis_escalade.longueur (id, id_voie, nbre_points, taille, cotation, id_utilisateur) VALUES (7, 3, 7, 70, '6c', 1);
INSERT INTO amis_escalade.longueur (id, id_voie, nbre_points, taille, cotation, id_utilisateur) VALUES (8, 3, 8, 80, '7c', 1);
INSERT INTO amis_escalade.longueur (id, id_voie, nbre_points, taille, cotation, id_utilisateur) VALUES (9, 4, 10, 100, '8a', 1);
INSERT INTO amis_escalade.longueur (id, id_voie, nbre_points, taille, cotation, id_utilisateur) VALUES (10, 4, 8, 80, '7a', 1);
INSERT INTO amis_escalade.longueur (id, id_voie, nbre_points, taille, cotation, id_utilisateur) VALUES (11, 5, 2, 20, '3a', 1);
INSERT INTO amis_escalade.longueur (id, id_voie, nbre_points, taille, cotation, id_utilisateur) VALUES (12, 5, 4, 40, '6a', 1);
INSERT INTO amis_escalade.longueur (id, id_voie, nbre_points, taille, cotation, id_utilisateur) VALUES (13, 6, 7, 70, '7a', 1);
INSERT INTO amis_escalade.longueur (id, id_voie, nbre_points, taille, cotation, id_utilisateur) VALUES (14, 6, 8, 80, '8a', 1);
INSERT INTO amis_escalade.longueur (id, id_voie, nbre_points, taille, cotation, id_utilisateur) VALUES (15, 7, 4, 40, '5a', 1);
INSERT INTO amis_escalade.longueur (id, id_voie, nbre_points, taille, cotation, id_utilisateur) VALUES (16, 7, 4, 40, '4c', 1);
INSERT INTO amis_escalade.longueur (id, id_voie, nbre_points, taille, cotation, id_utilisateur) VALUES (17, 8, 3, 35, '5c', 1);
INSERT INTO amis_escalade.longueur (id, id_voie, nbre_points, taille, cotation, id_utilisateur) VALUES (18, 8, 4, 40, '5b', 1);
INSERT INTO amis_escalade.longueur (id, id_voie, nbre_points, taille, cotation, id_utilisateur) VALUES (19, 8, 4, 45, '4b', 1);
INSERT INTO amis_escalade.longueur (id, id_voie, nbre_points, taille, cotation, id_utilisateur) VALUES (20, 9, 15, 150, '9a', 1);
INSERT INTO amis_escalade.longueur (id, id_voie, nbre_points, taille, cotation, id_utilisateur) VALUES (21, 9, 10, 100, '9a', 1);
INSERT INTO amis_escalade.longueur (id, id_voie, nbre_points, taille, cotation, id_utilisateur) VALUES (22, 10, 7, 70, '6c', 1);
INSERT INTO amis_escalade.longueur (id, id_voie, nbre_points, taille, cotation, id_utilisateur) VALUES (23, 10, 8, 80, '8c', 1);
INSERT INTO amis_escalade.longueur (id, id_voie, nbre_points, taille, cotation, id_utilisateur) VALUES (24, 11, 8, 80, '8a', 1);
INSERT INTO amis_escalade.longueur (id, id_voie, nbre_points, taille, cotation, id_utilisateur) VALUES (25, 11, 8, 80, '8b', 1);
INSERT INTO amis_escalade.longueur (id, id_voie, nbre_points, taille, cotation, id_utilisateur) VALUES (26, 12, 6, 60, '6a', 1);
INSERT INTO amis_escalade.longueur (id, id_voie, nbre_points, taille, cotation, id_utilisateur) VALUES (27, 12, 6, 60, '6a', 1);
INSERT INTO amis_escalade.longueur (id, id_voie, nbre_points, taille, cotation, id_utilisateur) VALUES (28, 12, 6, 60, '6b', 1);
INSERT INTO amis_escalade.longueur (id, id_voie, nbre_points, taille, cotation, id_utilisateur) VALUES (29, 13, 2, 20, '4a', 2);
INSERT INTO amis_escalade.longueur (id, id_voie, nbre_points, taille, cotation, id_utilisateur) VALUES (30, 13, 2, 20, '5a', 2);
INSERT INTO amis_escalade.longueur (id, id_voie, nbre_points, taille, cotation, id_utilisateur) VALUES (31, 14, 2, 20, '6a', 2);
INSERT INTO amis_escalade.longueur (id, id_voie, nbre_points, taille, cotation, id_utilisateur) VALUES (32, 15, 5, 50, '4b', 1);
INSERT INTO amis_escalade.longueur (id, id_voie, nbre_points, taille, cotation, id_utilisateur) VALUES (33, 15, 8, 80, '8c', 1);
INSERT INTO amis_escalade.longueur (id, id_voie, nbre_points, taille, cotation, id_utilisateur) VALUES (34, 16, 2, 20, '3a', 2);
INSERT INTO amis_escalade.longueur (id, id_voie, nbre_points, taille, cotation, id_utilisateur) VALUES (35, 16, 2, 20, '5a', 2);
INSERT INTO amis_escalade.longueur (id, id_voie, nbre_points, taille, cotation, id_utilisateur) VALUES (36, 16, 3, 4, '6b', 2);

INSERT INTO amis_escalade.topos (id, nom, description, lieu, is_reserve, date, id_utilisateur) VALUES (1, 'Topo d''Ablon', 'Superbe topo sur le site d''Ablon.', 'Ablon', 0, '2018-08-01', 1);
INSERT INTO amis_escalade.topos (id, nom, description, lieu, is_reserve, date, id_utilisateur) VALUES (2, 'Topo d''Aile-Froide', 'Topo complet d''Aile-Froide.', 'Aile-Froide', 0, '2016-02-17', 1);
INSERT INTO amis_escalade.topos (id, nom, description, lieu, is_reserve, date, id_utilisateur) VALUES (3, 'Topo de Balme de Yenne', 'Topo de Balme de Yenne. ', 'Balme de Yenne', 0, '2016-09-14', 1);
INSERT INTO amis_escalade.topos (id, nom, description, lieu, is_reserve, date, id_utilisateur) VALUES (4, 'Topo de Paris Salle de grimpe', 'Topo sur la salle à Paris, salle de grimpe.', 'Paris', 0, '2020-01-18', 2);
INSERT INTO amis_escalade.topos (id, nom, description, lieu, is_reserve, date, id_utilisateur) VALUES (5, 'Topo de Buoux', 'Topo sur le site de Buoux, très bien fait.', 'Buoux', 0, '2015-11-11', 3);
INSERT INTO amis_escalade.topos (id, nom, description, lieu, is_reserve, date, id_utilisateur) VALUES (6, 'Topo de Bordeaux Salle de Louis de Funès', 'Topo sur la salle de Louis de Funès, situé à Bordeaux.', 'Bordeaux', 0, '2019-08-07', 2);